SampleID,BarcodeSequence,LinkerPrimerSequence,ReversePrimer,barcodenumb,barcodeplate,dataset,plateposition,Management,Dataset,Collection,SampleorControl,Description
T1R1AC1,TACGACTCTG,CTTGGTCATTTAGAGGAAGTAA,AGARCCAAGAGATCCRTT,bc1,1,KBSSoil,11A,Conventional,Prokaryote,Vegetative,True Sample,Sample1
T1R1BC1,TTCTTAACGC,CTTGGTCATTTAGAGGAAGTAA,AGARCCAAGAGATCCRTT,bc2,1,KBSSoil,11B,Conventional,Prokaryote,Vegetative,True Sample,Sample2
T1R1CC1,ACCCAGTATG,CTTGGTCATTTAGAGGAAGTAA,AGARCCAAGAGATCCRTT,bc3,1,KBSSoil,11C,Conventional,Prokaryote,Vegetative,True Sample,Sample3
T1R2AC1,AACGGCTGGA,CTTGGTCATTTAGAGGAAGTAA,AGARCCAAGAGATCCRTT,bc4,1,KBSSoil,11D,Conventional,Prokaryote,Vegetative,True Sample,Sample4
T1R2BC1,ATCGTCCGCG,CTTGGTCATTTAGAGGAAGTAA,AGARCCAAGAGATCCRTT,bc5,1,KBSSoil,11E,Conventional,Prokaryote,Vegetative,True Sample,Sample5
T1R2CC1,AGCAAGGTCT,CTTGGTCATTTAGAGGAAGTAA,AGARCCAAGAGATCCRTT,bc6,1,KBSSoil,11F,Conventional,Prokaryote,Vegetative,True Sample,Sample6
T1R5AC1,ATTCGGTAGT,CTTGGTCATTTAGAGGAAGTAA,AGARCCAAGAGATCCRTT,bc7,1,KBSSoil,11G,Conventional,Prokaryote,Vegetative,True Sample,Sample7
T1R5BC1,TCTAAACCCT,CTTGGTCATTTAGAGGAAGTAA,AGARCCAAGAGATCCRTT,bc8,1,KBSSoil,11H,Conventional,Prokaryote,Vegetative,True Sample,Sample8
T1R5CC1,TAGAGAATGC,CTTGGTCATTTAGAGGAAGTAA,AGARCCAAGAGATCCRTT,bc9,1,KBSSoil,12A,Conventional,Prokaryote,Vegetative,True Sample,Sample9
T1R6AC1,AAGCTGCCTA,CTTGGTCATTTAGAGGAAGTAA,AGARCCAAGAGATCCRTT,bc10,1,KBSSoil,12B,Conventional,Prokaryote,Vegetative,True Sample,Sample10
T1R6BC1,ATTTGTGGGT,CTTGGTCATTTAGAGGAAGTAA,AGARCCAAGAGATCCRTT,bc11,1,KBSSoil,12C,Conventional,Prokaryote,Vegetative,True Sample,Sample11
T1R6CC1,TACATGGAGC,CTTGGTCATTTAGAGGAAGTAA,AGARCCAAGAGATCCRTT,bc12,1,KBSSoil,12D,Conventional,Prokaryote,Vegetative,True Sample,Sample12
NEG1,GCCTCAGCAG,CTTGGTCATTTAGAGGAAGTAA,AGARCCAAGAGATCCRTT,bc13,1,KBSSoil,12E,neg,Prokaryote,Vegetative,Control Sample,Sample13
T2R1AC1,AGTCGAACGA,CTTGGTCATTTAGAGGAAGTAA,AGARCCAAGAGATCCRTT,bc14,1,KBSSoil,12F,No-Till,Prokaryote,Vegetative,True Sample,Sample14
T2R1BC1,GGTTGCCCTG,CTTGGTCATTTAGAGGAAGTAA,AGARCCAAGAGATCCRTT,bc15,1,KBSSoil,12G,No-Till,Prokaryote,Vegetative,True Sample,Sample15
T2R1CC1,ATCTTGGAGT,CTTGGTCATTTAGAGGAAGTAA,AGARCCAAGAGATCCRTT,bc16,1,KBSSoil,12H,No-Till,Prokaryote,Vegetative,True Sample,Sample16
T2R2AC1,CGAGCTGTTA,CTTGGTCATTTAGAGGAAGTAA,AGARCCAAGAGATCCRTT,bc17,1,KBSSoil,13A,No-Till,Prokaryote,Vegetative,True Sample,Sample17
T2R2BC1,TCAGATACCA,CTTGGTCATTTAGAGGAAGTAA,AGARCCAAGAGATCCRTT,bc18,1,KBSSoil,13B,No-Till,Prokaryote,Vegetative,True Sample,Sample18
T2R2CC1,TGCGTTCTAG,CTTGGTCATTTAGAGGAAGTAA,AGARCCAAGAGATCCRTT,bc19,1,KBSSoil,13C,No-Till,Prokaryote,Vegetative,True Sample,Sample19
T2R5AC1,TCGAAGACGT,CTTGGTCATTTAGAGGAAGTAA,AGARCCAAGAGATCCRTT,bc20,1,KBSSoil,13D,No-Till,Prokaryote,Vegetative,True Sample,Sample20
T2R5BC1,AGTCCACTGG,CTTGGTCATTTAGAGGAAGTAA,AGARCCAAGAGATCCRTT,bc21,1,KBSSoil,13E,No-Till,Prokaryote,Vegetative,True Sample,Sample21
T2R5CC1,CACTTCTTTG,CTTGGTCATTTAGAGGAAGTAA,AGARCCAAGAGATCCRTT,bc22,1,KBSSoil,13F,No-Till,Prokaryote,Vegetative,True Sample,Sample22
T2R6AC1,GGTAGTTCAT,CTTGGTCATTTAGAGGAAGTAA,AGARCCAAGAGATCCRTT,bc23,1,KBSSoil,13G,No-Till,Prokaryote,Vegetative,True Sample,Sample23
NEG2,GTAAGCCTCG,CTTGGTCATTTAGAGGAAGTAA,AGARCCAAGAGATCCRTT,bc24,1,KBSSoil,13H,neg,Prokaryote,Vegetative,Control Sample,Sample24
T2R6BC1,CTCCGCTATA,CTTGGTCATTTAGAGGAAGTAA,AGARCCAAGAGATCCRTT,bc25,1,KBSSoil,14A,No-Till,Prokaryote,Vegetative,True Sample,Sample25
T2R6CC1,ACTGCTATCG,CTTGGTCATTTAGAGGAAGTAA,AGARCCAAGAGATCCRTT,bc26,1,KBSSoil,14B,No-Till,Prokaryote,Vegetative,True Sample,Sample26
NEG3,CAGTGATACT,CTTGGTCATTTAGAGGAAGTAA,AGARCCAAGAGATCCRTT,bc27,1,KBSSoil,14C,neg,Prokaryote,Vegetative,Control Sample,Sample27
T4R1AC1,GAGGATACTA,CTTGGTCATTTAGAGGAAGTAA,AGARCCAAGAGATCCRTT,bc28,1,KBSSoil,14D,Organic,Prokaryote,Vegetative,True Sample,Sample28
T4R1BC1,CCAATACGCC,CTTGGTCATTTAGAGGAAGTAA,AGARCCAAGAGATCCRTT,bc29,1,KBSSoil,14E,Organic,Prokaryote,Vegetative,True Sample,Sample29
T4R1CC1,AGCGGCCTAT,CTTGGTCATTTAGAGGAAGTAA,AGARCCAAGAGATCCRTT,bc30,1,KBSSoil,14F,Organic,Prokaryote,Vegetative,True Sample,Sample30
T4R2AC1,ACCACTTGCC,CTTGGTCATTTAGAGGAAGTAA,AGARCCAAGAGATCCRTT,bc31,1,KBSSoil,14G,Organic,Prokaryote,Vegetative,True Sample,Sample31
T4R2BC1,TATGGGTAGC,CTTGGTCATTTAGAGGAAGTAA,AGARCCAAGAGATCCRTT,bc32,1,KBSSoil,14H,Organic,Prokaryote,Vegetative,True Sample,Sample32
T4R2CC1,ATGCTTGCTC,CTTGGTCATTTAGAGGAAGTAA,AGARCCAAGAGATCCRTT,bc33,1,KBSSoil,15A,Organic,Prokaryote,Vegetative,True Sample,Sample33
T4R5AC1,TCTTCAACTA,CTTGGTCATTTAGAGGAAGTAA,AGARCCAAGAGATCCRTT,bc34,1,KBSSoil,15B,Organic,Prokaryote,Vegetative,True Sample,Sample34
T4R5BC1,AGGTATTACC,CTTGGTCATTTAGAGGAAGTAA,AGARCCAAGAGATCCRTT,bc35,1,KBSSoil,15C,Organic,Prokaryote,Vegetative,True Sample,Sample35
T4R5CC1,TGTCAAAGTG,CTTGGTCATTTAGAGGAAGTAA,AGARCCAAGAGATCCRTT,bc36,1,KBSSoil,15D,Organic,Prokaryote,Vegetative,True Sample,Sample36
T4R6AC1,AGCTACTGCG,CTTGGTCATTTAGAGGAAGTAA,AGARCCAAGAGATCCRTT,bc37,1,KBSSoil,15E,Organic,Prokaryote,Vegetative,True Sample,Sample37
T4R6BC1,GTAACGGCTC,CTTGGTCATTTAGAGGAAGTAA,AGARCCAAGAGATCCRTT,bc38,1,KBSSoil,15F,Organic,Prokaryote,Vegetative,True Sample,Sample38
T4R6CC1,GTGTACATAA,CTTGGTCATTTAGAGGAAGTAA,AGARCCAAGAGATCCRTT,bc39,1,KBSSoil,15G,Organic,Prokaryote,Vegetative,True Sample,Sample39
T1R1AC2,TGCTGCTCAA,CTTGGTCATTTAGAGGAAGTAA,AGARCCAAGAGATCCRTT,bc40,1,KBSSoil,15H,Conventional,Prokaryote,Early Reproductive,True Sample,Sample40
NEG4,TAAGATGCAG,CTTGGTCATTTAGAGGAAGTAA,AGARCCAAGAGATCCRTT,bc41,1,KBSSoil,16A,neg,Prokaryote,Early Reproductive,Control Sample,Sample41
T1R1BC2,ACGTCCACTG,CTTGGTCATTTAGAGGAAGTAA,AGARCCAAGAGATCCRTT,bc42,1,KBSSoil,16B,Conventional,Prokaryote,Early Reproductive,True Sample,Sample42
T1R1CC2,TGACATTCAC,CTTGGTCATTTAGAGGAAGTAA,AGARCCAAGAGATCCRTT,bc43,1,KBSSoil,16C,Conventional,Prokaryote,Early Reproductive,True Sample,Sample43
T1R2AC2,CACATATTGG,CTTGGTCATTTAGAGGAAGTAA,AGARCCAAGAGATCCRTT,bc44,1,KBSSoil,16D,Conventional,Prokaryote,Early Reproductive,True Sample,Sample44
T1R2BC2,TTCAATAGGG,CTTGGTCATTTAGAGGAAGTAA,AGARCCAAGAGATCCRTT,bc45,1,KBSSoil,16E,Conventional,Prokaryote,Early Reproductive,True Sample,Sample45
T1R2CC2,CAGTTACCCA,CTTGGTCATTTAGAGGAAGTAA,AGARCCAAGAGATCCRTT,bc46,1,KBSSoil,16F,Conventional,Prokaryote,Early Reproductive,True Sample,Sample46
T1R5AC2,ACCTTGACAA,CTTGGTCATTTAGAGGAAGTAA,AGARCCAAGAGATCCRTT,bc47,1,KBSSoil,16G,Conventional,Prokaryote,Early Reproductive,True Sample,Sample47
T1R5BC2,ATAGCCGATG,CTTGGTCATTTAGAGGAAGTAA,AGARCCAAGAGATCCRTT,bc48,1,KBSSoil,16H,Conventional,Prokaryote,Early Reproductive,True Sample,Sample48
T1R5CC2,GAGGGACGCA,CTTGGTCATTTAGAGGAAGTAA,AGARCCAAGAGATCCRTT,bc49,1,KBSSoil,17A,Conventional,Prokaryote,Early Reproductive,True Sample,Sample49
T1R6AC2,ACTCCGATAG,CTTGGTCATTTAGAGGAAGTAA,AGARCCAAGAGATCCRTT,bc50,1,KBSSoil,17B,Conventional,Prokaryote,Early Reproductive,True Sample,Sample50
T1R6BC2,TAGGCCATGT,CTTGGTCATTTAGAGGAAGTAA,AGARCCAAGAGATCCRTT,bc51,1,KBSSoil,17C,Conventional,Prokaryote,Early Reproductive,True Sample,Sample51
T1R6CC2,GCTGAGCCTT,CTTGGTCATTTAGAGGAAGTAA,AGARCCAAGAGATCCRTT,bc52,1,KBSSoil,17D,Conventional,Prokaryote,Early Reproductive,True Sample,Sample52
T2R1AC2,TTACGAAGTT,CTTGGTCATTTAGAGGAAGTAA,AGARCCAAGAGATCCRTT,bc53,1,KBSSoil,17E,No-Till,Prokaryote,Early Reproductive,True Sample,Sample53
T2R1BC2,AACAGAGAGA,CTTGGTCATTTAGAGGAAGTAA,AGARCCAAGAGATCCRTT,bc54,1,KBSSoil,17F,No-Till,Prokaryote,Early Reproductive,True Sample,Sample54
T2R1CC2,AATTCCGAAC,CTTGGTCATTTAGAGGAAGTAA,AGARCCAAGAGATCCRTT,bc55,1,KBSSoil,17G,No-Till,Prokaryote,Early Reproductive,True Sample,Sample55
T2R2AC2,TTAGTACGCA,CTTGGTCATTTAGAGGAAGTAA,AGARCCAAGAGATCCRTT,bc56,1,KBSSoil,17H,No-Till,Prokaryote,Early Reproductive,True Sample,Sample56
T2R2BC2,CTGGTTGGCA,CTTGGTCATTTAGAGGAAGTAA,AGARCCAAGAGATCCRTT,bc57,1,KBSSoil,18A,No-Till,Prokaryote,Early Reproductive,True Sample,Sample57
T2R2CC2,CTGCTTCTTA,CTTGGTCATTTAGAGGAAGTAA,AGARCCAAGAGATCCRTT,bc58,1,KBSSoil,18B,No-Till,Prokaryote,Early Reproductive,True Sample,Sample58
T2R5AC2,GAATCTGACA,CTTGGTCATTTAGAGGAAGTAA,AGARCCAAGAGATCCRTT,bc59,1,KBSSoil,18C,No-Till,Prokaryote,Early Reproductive,True Sample,Sample59
T2R5BC2,CACACTGAAG,CTTGGTCATTTAGAGGAAGTAA,AGARCCAAGAGATCCRTT,bc60,1,KBSSoil,18D,No-Till,Prokaryote,Early Reproductive,True Sample,Sample60
T2R5CC2,GTTCGAGTGA,CTTGGTCATTTAGAGGAAGTAA,AGARCCAAGAGATCCRTT,bc61,1,KBSSoil,18E,No-Till,Prokaryote,Early Reproductive,True Sample,Sample61
T2R6AC2,GCATAGCATC,CTTGGTCATTTAGAGGAAGTAA,AGARCCAAGAGATCCRTT,bc62,1,KBSSoil,18F,No-Till,Prokaryote,Early Reproductive,True Sample,Sample62
NEG5,ACTATCAGTG,CTTGGTCATTTAGAGGAAGTAA,AGARCCAAGAGATCCRTT,bc63,1,KBSSoil,18G,neg,Prokaryote,Early Reproductive,Control Sample,Sample63
T2R6BC2,TTCTTCTACC,CTTGGTCATTTAGAGGAAGTAA,AGARCCAAGAGATCCRTT,bc64,1,KBSSoil,18H,No-Till,Prokaryote,Early Reproductive,True Sample,Sample64
T2R6CC2,GACCTTTCAA,CTTGGTCATTTAGAGGAAGTAA,AGARCCAAGAGATCCRTT,bc65,1,KBSSoil,19A,No-Till,Prokaryote,Early Reproductive,True Sample,Sample65
T4R1AC2,CAAGCAGGTG,CTTGGTCATTTAGAGGAAGTAA,AGARCCAAGAGATCCRTT,bc66,1,KBSSoil,19B,Organic,Prokaryote,Early Reproductive,True Sample,Sample66
T4R1BC2,TCTCTCGATC,CTTGGTCATTTAGAGGAAGTAA,AGARCCAAGAGATCCRTT,bc67,1,KBSSoil,19C,Organic,Prokaryote,Early Reproductive,True Sample,Sample67
T4R1CC2,GGAGAACGAC,CTTGGTCATTTAGAGGAAGTAA,AGARCCAAGAGATCCRTT,bc68,1,KBSSoil,19D,Organic,Prokaryote,Early Reproductive,True Sample,Sample68
T4R2AC2,GGTCCACCTA,CTTGGTCATTTAGAGGAAGTAA,AGARCCAAGAGATCCRTT,bc69,1,KBSSoil,19E,Organic,Prokaryote,Early Reproductive,True Sample,Sample69
T4R2BC2,CTCCGAACAA,CTTGGTCATTTAGAGGAAGTAA,AGARCCAAGAGATCCRTT,bc70,1,KBSSoil,19F,Organic,Prokaryote,Early Reproductive,True Sample,Sample70
T4R2CC2,GGTCACACAT,CTTGGTCATTTAGAGGAAGTAA,AGARCCAAGAGATCCRTT,bc71,1,KBSSoil,19G,Organic,Prokaryote,Early Reproductive,True Sample,Sample71
T4R5AC2,CATGAGACTG,CTTGGTCATTTAGAGGAAGTAA,AGARCCAAGAGATCCRTT,bc72,1,KBSSoil,19H,Organic,Prokaryote,Early Reproductive,True Sample,Sample72
NEG6,GTGTTAGATG,CTTGGTCATTTAGAGGAAGTAA,AGARCCAAGAGATCCRTT,bc73,1,KBSSoil,110A,neg,Prokaryote,Early Reproductive,Control Sample,Sample73
T4R5BC2,GGTCATCACG,CTTGGTCATTTAGAGGAAGTAA,AGARCCAAGAGATCCRTT,bc74,1,KBSSoil,110B,Organic,Prokaryote,Early Reproductive,True Sample,Sample74
T4R5CC2,GTCTTCAGCA,CTTGGTCATTTAGAGGAAGTAA,AGARCCAAGAGATCCRTT,bc75,1,KBSSoil,110C,Organic,Prokaryote,Early Reproductive,True Sample,Sample75
T4R6AC2,TGCGCAAAGG,CTTGGTCATTTAGAGGAAGTAA,AGARCCAAGAGATCCRTT,bc76,1,KBSSoil,110D,Organic,Prokaryote,Early Reproductive,True Sample,Sample76
T4R6BC2,GGCCCAATAT,CTTGGTCATTTAGAGGAAGTAA,AGARCCAAGAGATCCRTT,bc77,1,KBSSoil,110E,Organic,Prokaryote,Early Reproductive,True Sample,Sample77
T4R6CC2,TAGGTTGCTT,CTTGGTCATTTAGAGGAAGTAA,AGARCCAAGAGATCCRTT,bc78,1,KBSSoil,110F,Organic,Prokaryote,Early Reproductive,True Sample,Sample78
T1R1AC3,GACGTGTCCA,CTTGGTCATTTAGAGGAAGTAA,AGARCCAAGAGATCCRTT,bc79,1,KBSSoil,110G,Conventional,Prokaryote,Mature,True Sample,Sample79
T1R1BC3,TTGTATGACA,CTTGGTCATTTAGAGGAAGTAA,AGARCCAAGAGATCCRTT,bc80,1,KBSSoil,110H,Conventional,Prokaryote,Mature,True Sample,Sample80
T1R1CC3,TGCTCGATGT,CTTGGTCATTTAGAGGAAGTAA,AGARCCAAGAGATCCRTT,bc81,1,KBSSoil,111A,Conventional,Prokaryote,Mature,True Sample,Sample81
T1R2AC3,TGGGAATGTT,CTTGGTCATTTAGAGGAAGTAA,AGARCCAAGAGATCCRTT,bc82,1,KBSSoil,111B,Conventional,Prokaryote,Mature,True Sample,Sample82
T1R2BC3,ATAAGTAACC,CTTGGTCATTTAGAGGAAGTAA,AGARCCAAGAGATCCRTT,bc83,1,KBSSoil,111C,Conventional,Prokaryote,Mature,True Sample,Sample83
T1R2CC3,GACTTGGTAA,CTTGGTCATTTAGAGGAAGTAA,AGARCCAAGAGATCCRTT,bc84,1,KBSSoil,111D,Conventional,Prokaryote,Mature,True Sample,Sample84
T1R5AC3,TTCGGCATAG,CTTGGTCATTTAGAGGAAGTAA,AGARCCAAGAGATCCRTT,bc85,1,KBSSoil,111E,Conventional,Prokaryote,Mature,True Sample,Sample85
T1R5BC3,ACGACCTACG,CTTGGTCATTTAGAGGAAGTAA,AGARCCAAGAGATCCRTT,bc86,1,KBSSoil,111F,Conventional,Prokaryote,Mature,True Sample,Sample86
T1R5CC3,GATGTCATAG,CTTGGTCATTTAGAGGAAGTAA,AGARCCAAGAGATCCRTT,bc87,1,KBSSoil,111G,Conventional,Prokaryote,Mature,True Sample,Sample87
T1R6AC3,CTACCACGGT,CTTGGTCATTTAGAGGAAGTAA,AGARCCAAGAGATCCRTT,bc88,1,KBSSoil,111H,Conventional,Prokaryote,Mature,True Sample,Sample88
T1R6BC3,TGCAGATCCA,CTTGGTCATTTAGAGGAAGTAA,AGARCCAAGAGATCCRTT,bc89,1,KBSSoil,112A,Conventional,Prokaryote,Mature,True Sample,Sample89
T1R6CC3,TCACTCTTGT,CTTGGTCATTTAGAGGAAGTAA,AGARCCAAGAGATCCRTT,bc90,1,KBSSoil,112B,Conventional,Prokaryote,Mature,True Sample,Sample90
T2R1AC3,TGGTGGAGTT,CTTGGTCATTTAGAGGAAGTAA,AGARCCAAGAGATCCRTT,bc91,1,KBSSoil,112C,No-Till,Prokaryote,Mature,True Sample,Sample91
T2R1BC3,TGTTGCGTTT,CTTGGTCATTTAGAGGAAGTAA,AGARCCAAGAGATCCRTT,bc92,1,KBSSoil,112D,No-Till,Prokaryote,Mature,True Sample,Sample92
T2R1CC3,TCGAAACATG,CTTGGTCATTTAGAGGAAGTAA,AGARCCAAGAGATCCRTT,bc93,1,KBSSoil,112E,No-Till,Prokaryote,Mature,True Sample,Sample93
T2R2AC3,GAGGTATTCT,CTTGGTCATTTAGAGGAAGTAA,AGARCCAAGAGATCCRTT,bc94,1,KBSSoil,112F,No-Till,Prokaryote,Mature,True Sample,Sample94
T2R2BC3,CTTAGAACGT,CTTGGTCATTTAGAGGAAGTAA,AGARCCAAGAGATCCRTT,bc95,1,KBSSoil,112G,No-Till,Prokaryote,Mature,True Sample,Sample95
T2R2CC3,ATGTTCCTCA,CTTGGTCATTTAGAGGAAGTAA,AGARCCAAGAGATCCRTT,bc96,1,KBSSoil,112H,No-Till,Prokaryote,Mature,True Sample,Sample96
T2R5AC3,CGGTATAGCA,CTTGGTCATTTAGAGGAAGTAA,AGARCCAAGAGATCCRTT,bc97,2,KBSSoil,21A,No-Till,Prokaryote,Mature,True Sample,Sample97
T2R5BC3,CTTGGCCTGT,CTTGGTCATTTAGAGGAAGTAA,AGARCCAAGAGATCCRTT,bc98,2,KBSSoil,21B,No-Till,Prokaryote,Mature,True Sample,Sample98
T2R5CC3,CCGTATATGC,CTTGGTCATTTAGAGGAAGTAA,AGARCCAAGAGATCCRTT,bc99,2,KBSSoil,21C,No-Till,Prokaryote,Mature,True Sample,Sample99
T2R6AC3,TATGACGTAC,CTTGGTCATTTAGAGGAAGTAA,AGARCCAAGAGATCCRTT,bc100,2,KBSSoil,21D,No-Till,Prokaryote,Mature,True Sample,Sample100
T2R6BC3,GTAGGAACCG,CTTGGTCATTTAGAGGAAGTAA,AGARCCAAGAGATCCRTT,bc101,2,KBSSoil,21E,No-Till,Prokaryote,Mature,True Sample,Sample101
NEG7,AGGGTGACTT,CTTGGTCATTTAGAGGAAGTAA,AGARCCAAGAGATCCRTT,bc102,2,KBSSoil,21F,neg,Prokaryote,Mature,Control Sample,Sample102
T2R6CC3,CGGTCCTGAG,CTTGGTCATTTAGAGGAAGTAA,AGARCCAAGAGATCCRTT,bc103,2,KBSSoil,21G,No-Till,Prokaryote,Mature,True Sample,Sample103
T4R1AC3,TCTCTGAACA,CTTGGTCATTTAGAGGAAGTAA,AGARCCAAGAGATCCRTT,bc104,2,KBSSoil,21H,Organic,Prokaryote,Mature,True Sample,Sample104
T4R1BC3,TGTAGGTGTG,CTTGGTCATTTAGAGGAAGTAA,AGARCCAAGAGATCCRTT,bc105,2,KBSSoil,22A,Organic,Prokaryote,Mature,True Sample,Sample105
T4R1CC3,TTAAGGACTG,CTTGGTCATTTAGAGGAAGTAA,AGARCCAAGAGATCCRTT,bc106,2,KBSSoil,22B,Organic,Prokaryote,Mature,True Sample,Sample106
T4R2AC3,ACATCTAGCA,CTTGGTCATTTAGAGGAAGTAA,AGARCCAAGAGATCCRTT,bc107,2,KBSSoil,22C,Organic,Prokaryote,Mature,True Sample,Sample107
NEG8,TCCCACGAAA,CTTGGTCATTTAGAGGAAGTAA,AGARCCAAGAGATCCRTT,bc108,2,KBSSoil,22D,neg,Prokaryote,Mature,Control Sample,Sample108
T4R2BC3,TGAACCCTAT,CTTGGTCATTTAGAGGAAGTAA,AGARCCAAGAGATCCRTT,bc109,2,KBSSoil,22E,Organic,Prokaryote,Mature,True Sample,Sample109
T4R2CC3,GTGGAAGAGA,CTTGGTCATTTAGAGGAAGTAA,AGARCCAAGAGATCCRTT,bc110,2,KBSSoil,22F,Organic,Prokaryote,Mature,True Sample,Sample110
T4R5AC3,GTCAGTATGG,CTTGGTCATTTAGAGGAAGTAA,AGARCCAAGAGATCCRTT,bc111,2,KBSSoil,22G,Organic,Prokaryote,Mature,True Sample,Sample111
T4R5BC3,CCATATCCCG,CTTGGTCATTTAGAGGAAGTAA,AGARCCAAGAGATCCRTT,bc112,2,KBSSoil,22H,Organic,Prokaryote,Mature,True Sample,Sample112
T4R5CC3,TAACTAGGAC,CTTGGTCATTTAGAGGAAGTAA,AGARCCAAGAGATCCRTT,bc113,2,KBSSoil,23A,Organic,Prokaryote,Mature,True Sample,Sample113
T4R6AC3,GAAAGAGTCT,CTTGGTCATTTAGAGGAAGTAA,AGARCCAAGAGATCCRTT,bc114,2,KBSSoil,23B,Organic,Prokaryote,Mature,True Sample,Sample114
T4R6BC3,TCACCGGAAT,CTTGGTCATTTAGAGGAAGTAA,AGARCCAAGAGATCCRTT,bc115,2,KBSSoil,23C,Organic,Prokaryote,Mature,True Sample,Sample115
T4R6CC3,AGTGACTGTC,CTTGGTCATTTAGAGGAAGTAA,AGARCCAAGAGATCCRTT,bc116,2,KBSSoil,23D,Organic,Prokaryote,Mature,True Sample,Sample116